---insert into admin table
INSERT INTO ADMIN (ADMIN_ID, EMAIL, PASSWORD) VALUES ('000001', 'qwewqe@yahoo.com', 'admin01');
INSERT INTO ADMIN (ADMIN_ID, EMAIL, PASSWORD) VALUES ('000002', 'atosadmin@yahoo.com', 'admin02');
INSERT INTO ADMIN (ADMIN_ID, EMAIL, PASSWORD) VALUES ('000003', 'aguilar@yahoo.com', 'admin03');

---insert into atc_items table
INSERT INTO ATC_ITEMS (ATC_ID, CART_ID, USERID, PRODUCT_ID, ATC_QTY) VALUES ('A000001', 'C00001', 'U00001', '0000001', '3');
INSERT INTO ATC_ITEMS (ATC_ID, CART_ID, USERID, PRODUCT_ID, ATC_QTY) VALUES ('A000002', 'C00002', 'U00002', '0000002', '8');
INSERT INTO ATC_ITEMS (ATC_ID, CART_ID, USERID, PRODUCT_ID, ATC_QTY) VALUES ('A000003', 'C00003', 'U00003', '0000003', '9');

---insert into cart table
INSERT INTO CART (CART_ID, USERID) VALUES ('C00001', 'U00001');
INSERT INTO CART (CART_ID, USERID) VALUES ('C00002', 'U00002');
INSERT INTO CART (CART_ID, USERID) VALUES ('C00003', 'U00003');

---insert into category table
INSERT INTO CATEGORY (CAT_ID, CAT_NAME) VALUES ('P00C001', 'External');
INSERT INTO CATEGORY (CAT_ID, CAT_NAME) VALUES ('P00C002', 'External');
INSERT INTO CATEGORY (CAT_ID, CAT_NAME) VALUES ('P00C003', 'PC');

---insert into coupon table
INSERT INTO COUPON (COUP_ID, COUP_NAME, DISC_VAL, EXPIRY_DATE) VALUES ('COUP0001', 'BFRIDAYSALE', '25', TO_DATE('2022-02-11 00:00:00', 'YYYY-MM-DD HH24:MI:SS'));
INSERT INTO COUPON (COUP_ID, COUP_NAME, DISC_VAL, EXPIRY_DATE) VALUES ('COUP0002', 'APP100', '10', TO_DATE('2022-02-07 00:00:00', 'YYYY-MM-DD HH24:MI:SS'));
INSERT INTO COUPON (COUP_ID, COUP_NAME, DISC_VAL, EXPIRY_DATE) VALUES ('COUP0003', 'APP200', '20', TO_DATE('2022-02-09 00:00:00', 'YYYY-MM-DD HH24:MI:SS'));

---insert into customeracc table
INSERT INTO CUSTOMERACC (USERID, UNAME, EMADD, PWORD, REGDATE, ADDR, CONUM) 
VALUES ('U00001', 'AryaStark', 'aryastark@yahoo.com', 'starkisarya', TO_DATE('2022-02-02 00:00:00', 'YYYY-MM-DD HH24:MI:SS'), 'Winterfell', '09091111');

INSERT INTO CUSTOMERACC (USERID, UNAME, EMADD, PWORD, REGDATE, ADDR, CONUM) 
VALUES ('U00002', 'Khaleesi', 'daenerys@gmailc.om', 'dragonborn', TO_DATE('2022-01-01 00:00:00', 'YYYY-MM-DD HH24:MI:SS'), 'Kingslanding', '02025500');

INSERT INTO CUSTOMERACC (USERID, UNAME, EMADD, PWORD, REGDATE, ADDR, CONUM) 
VALUES ('U00003', 'Tyrion', 'lannister@yahoo.com', 'lannistert', TO_DATE('2022-01-14 00:00:00', 'YYYY-MM-DD HH24:MI:SS'), 'Kingslanding', '08085115');

---insert into orderlist table
INSERT INTO ORDERLIST (ORDER_ID, CART_ID, USERID, ORDER_DATE, DEL_DATE, COUP_ID, AMOUNT, METHOD_PAYMENT)
VALUES ('OR00001', 'C00001', 'U00001', TO_DATE('2022-01-10 00:00:00', 'YYYY-MM-DD HH24:MI:SS'), TO_DATE('2022-01-17 00:00:00', 'YYYY-MM-DD HH24:MI:SS'), 'APP100', '10000.00', 'COD');

INSERT INTO ORDERLIST (ORDER_ID, CART_ID, USERID, ORDER_DATE, DEL_DATE, COUP_ID, AMOUNT, METHOD_PAYMENT) 
VALUES ('OR00002', 'C00002', 'U00002', TO_DATE('2022-01-13 00:00:00', 'YYYY-MM-DD HH24:MI:SS'), TO_DATE('2022-01-20 00:00:00', 'YYYY-MM-DD HH24:MI:SS'), 'BFRIDAYSALE', '7000.00', 'DEBIT');

INSERT INTO ORDERLIST (ORDER_ID, CART_ID, USERID, ORDER_DATE, DEL_DATE, COUP_ID, AMOUNT, METHOD_PAYMENT) 
VALUES ('OR00003', 'C00003', 'U00003', TO_DATE('2022-01-15 00:00:00', 'YYYY-MM-DD HH24:MI:SS'), TO_DATE('2022-01-22 00:00:00', 'YYYY-MM-DD HH24:MI:SS'), 'APP200', '85000.00', 'DEBIT');

---insert into productlist table
INSERT INTO PRODUCTLIST (PRODUCT_ID, PROD_NAME, CAT_ID, PROD_PRICE, PROD_IMG, PROD_AVAIL_QTY) VALUES ('0000001', 'Keyboard', 'P00C001', '500.00', 'kb.jpg', '10');
INSERT INTO PRODUCTLIST (PRODUCT_ID, PROD_NAME, CAT_ID, PROD_PRICE, PROD_IMG, PROD_AVAIL_QTY) VALUES ('0000002', 'Mouse', 'P00C002', '200.00', 'm.jpg', '5');
INSERT INTO PRODUCTLIST (PRODUCT_ID, PROD_NAME, CAT_ID, PROD_PRICE, PROD_IMG, PROD_AVAIL_QTY) VALUES ('0000003', 'Laptop', 'P00C003', '70000.00', 'lp.jpg', '20');


